onset	duration	trial_type	category	manner	phoneme1	phoneme2	place	tms_intensity	tms_target	trial	voicing
121.985	0	TMS	alveolar	stop	n/a	n/a	alveolar	110	tongue	1	no
122.035	0	stimulus	n/a	n/a	u	d	n/a	n/a	tongue	n/a	n/a
125.981	0	TMS	alveolar	stop	n/a	n/a	alveolar	110	tongue	2	no
126.031	0	stimulus	n/a	n/a	a	d	n/a	n/a	tongue	n/a	n/a
129.9935	0	TMS	bilabial	stop	n/a	n/a	bilabial	110	tongue	3	no
130.0435	0	stimulus	n/a	n/a	p	u	n/a	n/a	tongue	n/a	n/a
133.997	0	TMS	alveolar	stop	n/a	n/a	alveolar	110	control_tongue	4	no
134.047	0	stimulus	n/a	n/a	i	t	n/a	n/a	control_tongue	n/a	n/a
137.9865	0	TMS	bilabial	stop	n/a	n/a	bilabial	110	tongue	5	yes
138.0365	0	stimulus	n/a	n/a	b	o	n/a	n/a	tongue	n/a	n/a
141.9825	0	TMS	alveolar	stop	n/a	n/a	alveolar	110	tongue	6	no
142.0325	0	stimulus	n/a	n/a	i	d	n/a	n/a	tongue	n/a	n/a
145.995	0	TMS	alveolar	stop	n/a	n/a	alveolar	110	tongue	7	no
146.045	0	stimulus	n/a	n/a	e	b	n/a	n/a	tongue	n/a	n/a
149.9915	0	TMS	alveolar	stop	n/a	n/a	alveolar	110	tongue	8	no
150.0415	0	stimulus	n/a	n/a	a	d	n/a	n/a	tongue	n/a	n/a
153.987	0	TMS	bilabial	stop	n/a	n/a	bilabial	110	tongue	9	no
154.037	0	stimulus	n/a	n/a	p	a	n/a	n/a	tongue	n/a	n/a
157.982	0	TMS	alveolar	stop	n/a	n/a	alveolar	110	control_tongue	10	no
158.032	0	stimulus	n/a	n/a	e	t	n/a	n/a	control_tongue	n/a	n/a
161.996	0	TMS	alveolar	stop	n/a	n/a	alveolar	110	tongue	11	yes
162.046	0	stimulus	n/a	n/a	d	a	n/a	n/a	tongue	n/a	n/a
165.992	0	TMS	bilabial	stop	n/a	n/a	bilabial	110	tongue	12	yes
166.042	0	stimulus	n/a	n/a	b	i	n/a	n/a	tongue	n/a	n/a
169.9885	0	TMS	bilabial	stop	n/a	n/a	bilabial	110	tongue	13	yes
170.0385	0	stimulus	n/a	n/a	b	e	n/a	n/a	tongue	n/a	n/a
173.989	0	TMS	bilabial	stop	n/a	n/a	bilabial	110	control_tongue	14	no
174.039	0	stimulus	n/a	n/a	p	u	n/a	n/a	control_tongue	n/a	n/a
178.0145	0	TMS	alveolar	stop	n/a	n/a	alveolar	110	tongue	15	no
178.0645	0	stimulus	n/a	n/a	u	t	n/a	n/a	tongue	n/a	n/a
181.993	0	TMS	alveolar	stop	n/a	n/a	alveolar	110	tongue	16	yes
182.043	0	stimulus	n/a	n/a	d	i	n/a	n/a	tongue	n/a	n/a
185.9835	0	TMS	alveolar	stop	n/a	n/a	alveolar	110	control_tongue	17	no
186.0335	0	stimulus	n/a	n/a	u	t	n/a	n/a	control_tongue	n/a	n/a
189.9835	0	TMS	alveolar	stop	n/a	n/a	alveolar	110	control_tongue	18	no
190.0335	0	stimulus	n/a	n/a	e	b	n/a	n/a	control_tongue	n/a	n/a
193.9725	0	TMS	alveolar	stop	n/a	n/a	alveolar	110	control_tongue	19	yes
194.0225	0	stimulus	n/a	n/a	d	o	n/a	n/a	control_tongue	n/a	n/a
197.994	0	TMS	bilabial	stop	n/a	n/a	bilabial	110	tongue	20	no
198.044	0	stimulus	n/a	n/a	p	u	n/a	n/a	tongue	n/a	n/a
201.984	0	TMS	alveolar	stop	n/a	n/a	alveolar	110	control_tongue	21	no
202.034	0	stimulus	n/a	n/a	i	d	n/a	n/a	control_tongue	n/a	n/a
206.003	0	TMS	alveolar	stop	n/a	n/a	alveolar	110	tongue	22	no
206.053	0	stimulus	n/a	n/a	t	e	n/a	n/a	tongue	n/a	n/a
209.9825	0	TMS	bilabial	stop	n/a	n/a	bilabial	110	tongue	23	yes
210.0325	0	stimulus	n/a	n/a	b	a	n/a	n/a	tongue	n/a	n/a
214.006	0	TMS	alveolar	stop	n/a	n/a	alveolar	110	control_tongue	24	no
214.056	0	stimulus	n/a	n/a	o	d	n/a	n/a	control_tongue	n/a	n/a
217.9915	0	TMS	alveolar	stop	n/a	n/a	alveolar	110	tongue	25	yes
218.0415	0	stimulus	n/a	n/a	d	i	n/a	n/a	tongue	n/a	n/a
222.0045	0	TMS	bilabial	stop	n/a	n/a	bilabial	110	tongue	26	yes
222.0545	0	stimulus	n/a	n/a	b	u	n/a	n/a	tongue	n/a	n/a
225.9965	0	TMS	bilabial	stop	n/a	n/a	bilabial	110	control_tongue	27	no
226.0465	0	stimulus	n/a	n/a	p	e	n/a	n/a	control_tongue	n/a	n/a
229.9965	0	TMS	alveolar	stop	n/a	n/a	alveolar	110	tongue	28	no
230.0465	0	stimulus	n/a	n/a	t	i	n/a	n/a	tongue	n/a	n/a
233.993	0	TMS	alveolar	stop	n/a	n/a	alveolar	110	tongue	29	no
234.043	0	stimulus	n/a	n/a	u	p	n/a	n/a	tongue	n/a	n/a
237.982	0	TMS	alveolar	stop	n/a	n/a	alveolar	110	control_tongue	30	no
238.032	0	stimulus	n/a	n/a	u	b	n/a	n/a	control_tongue	n/a	n/a
241.9845	0	TMS	alveolar	stop	n/a	n/a	alveolar	110	tongue	31	no
242.0345	0	stimulus	n/a	n/a	i	t	n/a	n/a	tongue	n/a	n/a
246.0005	0	TMS	alveolar	stop	n/a	n/a	alveolar	110	control_tongue	32	no
246.0505	0	stimulus	n/a	n/a	u	p	n/a	n/a	control_tongue	n/a	n/a
249.9935	0	TMS	alveolar	stop	n/a	n/a	alveolar	110	tongue	33	yes
250.0435	0	stimulus	n/a	n/a	d	o	n/a	n/a	tongue	n/a	n/a
253.9845	0	TMS	bilabial	stop	n/a	n/a	bilabial	110	control_tongue	34	yes
254.0345	0	stimulus	n/a	n/a	b	i	n/a	n/a	control_tongue	n/a	n/a
257.9865	0	TMS	alveolar	stop	n/a	n/a	alveolar	110	tongue	35	yes
258.0365	0	stimulus	n/a	n/a	d	e	n/a	n/a	tongue	n/a	n/a
262.0045	0	TMS	alveolar	stop	n/a	n/a	alveolar	110	control_tongue	36	no
262.0545	0	stimulus	n/a	n/a	o	t	n/a	n/a	control_tongue	n/a	n/a
265.9955	0	TMS	alveolar	stop	n/a	n/a	alveolar	110	tongue	37	yes
266.0455	0	stimulus	n/a	n/a	d	a	n/a	n/a	tongue	n/a	n/a
269.991	0	TMS	bilabial	stop	n/a	n/a	bilabial	110	tongue	38	yes
270.041	0	stimulus	n/a	n/a	b	e	n/a	n/a	tongue	n/a	n/a
273.9875	0	TMS	alveolar	stop	n/a	n/a	alveolar	110	tongue	39	no
274.0375	0	stimulus	n/a	n/a	i	b	n/a	n/a	tongue	n/a	n/a
277.9835	0	TMS	bilabial	stop	n/a	n/a	bilabial	110	control_tongue	40	no
278.0335	0	stimulus	n/a	n/a	p	i	n/a	n/a	control_tongue	n/a	n/a
281.9955	0	TMS	bilabial	stop	n/a	n/a	bilabial	110	tongue	41	yes
282.0455	0	stimulus	n/a	n/a	b	i	n/a	n/a	tongue	n/a	n/a
285.9925	0	TMS	alveolar	stop	n/a	n/a	alveolar	110	tongue	42	no
286.0425	0	stimulus	n/a	n/a	i	p	n/a	n/a	tongue	n/a	n/a
289.988	0	TMS	alveolar	stop	n/a	n/a	alveolar	110	tongue	43	no
290.038	0	stimulus	n/a	n/a	e	t	n/a	n/a	tongue	n/a	n/a
293.9745	0	TMS	alveolar	stop	n/a	n/a	alveolar	110	control_tongue	44	no
294.0245	0	stimulus	n/a	n/a	o	d	n/a	n/a	control_tongue	n/a	n/a
300.185	0	TMS	bilabial	stop	n/a	n/a	bilabial	110	control_tongue	45	yes
300.235	0	stimulus	n/a	n/a	b	e	n/a	n/a	control_tongue	n/a	n/a
305.9895	0	TMS	bilabial	stop	n/a	n/a	bilabial	110	tongue	46	no
306.0395	0	stimulus	n/a	n/a	p	a	n/a	n/a	tongue	n/a	n/a
309.9855	0	TMS	alveolar	stop	n/a	n/a	alveolar	110	tongue	47	no
310.0355	0	stimulus	n/a	n/a	a	p	n/a	n/a	tongue	n/a	n/a
313.9975	0	TMS	alveolar	stop	n/a	n/a	alveolar	110	tongue	48	no
314.0475	0	stimulus	n/a	n/a	u	d	n/a	n/a	tongue	n/a	n/a
317.9895	0	TMS	alveolar	stop	n/a	n/a	alveolar	110	control_tongue	49	no
318.0395	0	stimulus	n/a	n/a	t	a	n/a	n/a	control_tongue	n/a	n/a
321.9905	0	TMS	alveolar	stop	n/a	n/a	alveolar	110	tongue	50	no
322.0405	0	stimulus	n/a	n/a	e	b	n/a	n/a	tongue	n/a	n/a
325.9835	0	TMS	alveolar	stop	n/a	n/a	alveolar	110	control_tongue	51	no
326.0335	0	stimulus	n/a	n/a	o	p	n/a	n/a	control_tongue	n/a	n/a
329.987	0	TMS	alveolar	stop	n/a	n/a	alveolar	110	control_tongue	52	no
330.037	0	stimulus	n/a	n/a	t	e	n/a	n/a	control_tongue	n/a	n/a
333.995	0	TMS	alveolar	stop	n/a	n/a	alveolar	110	tongue	53	no
334.045	0	stimulus	n/a	n/a	a	p	n/a	n/a	tongue	n/a	n/a
337.9995	0	TMS	bilabial	stop	n/a	n/a	bilabial	110	control_tongue	54	yes
338.0495	0	stimulus	n/a	n/a	b	o	n/a	n/a	control_tongue	n/a	n/a
341.9935	0	TMS	alveolar	stop	n/a	n/a	alveolar	110	control_tongue	55	no
342.0435	0	stimulus	n/a	n/a	t	i	n/a	n/a	control_tongue	n/a	n/a
345.9805	0	TMS	alveolar	stop	n/a	n/a	alveolar	110	control_tongue	56	no
346.0305	0	stimulus	n/a	n/a	a	b	n/a	n/a	control_tongue	n/a	n/a
350.0055	0	TMS	bilabial	stop	n/a	n/a	bilabial	110	control_tongue	57	no
350.0555	0	stimulus	n/a	n/a	p	o	n/a	n/a	control_tongue	n/a	n/a
353.9925	0	TMS	alveolar	stop	n/a	n/a	alveolar	110	tongue	58	no
354.0425	0	stimulus	n/a	n/a	a	d	n/a	n/a	tongue	n/a	n/a
357.9885	0	TMS	alveolar	stop	n/a	n/a	alveolar	110	tongue	59	no
358.0385	0	stimulus	n/a	n/a	i	p	n/a	n/a	tongue	n/a	n/a
377.9865	0	TMS	alveolar	stop	n/a	n/a	alveolar	110	tongue	60	no
378.0365	0	stimulus	n/a	n/a	o	t	n/a	n/a	tongue	n/a	n/a
381.999	0	TMS	alveolar	stop	n/a	n/a	alveolar	110	tongue	61	no
382.049	0	stimulus	n/a	n/a	t	i	n/a	n/a	tongue	n/a	n/a
385.995	0	TMS	alveolar	stop	n/a	n/a	alveolar	110	control_tongue	62	yes
386.045	0	stimulus	n/a	n/a	d	e	n/a	n/a	control_tongue	n/a	n/a
390.0085	0	TMS	alveolar	stop	n/a	n/a	alveolar	110	tongue	63	no
390.0585	0	stimulus	n/a	n/a	u	b	n/a	n/a	tongue	n/a	n/a
393.988	0	TMS	alveolar	stop	n/a	n/a	alveolar	110	tongue	64	no
394.038	0	stimulus	n/a	n/a	o	d	n/a	n/a	tongue	n/a	n/a
397.9965	0	TMS	bilabial	stop	n/a	n/a	bilabial	110	control_tongue	65	yes
398.0465	0	stimulus	n/a	n/a	b	i	n/a	n/a	control_tongue	n/a	n/a
401.996	0	TMS	bilabial	stop	n/a	n/a	bilabial	110	tongue	66	no
402.046	0	stimulus	n/a	n/a	p	e	n/a	n/a	tongue	n/a	n/a
405.984	0	TMS	alveolar	stop	n/a	n/a	alveolar	110	control_tongue	67	no
406.034	0	stimulus	n/a	n/a	o	p	n/a	n/a	control_tongue	n/a	n/a
409.9885	0	TMS	alveolar	stop	n/a	n/a	alveolar	110	tongue	68	no
410.0385	0	stimulus	n/a	n/a	i	d	n/a	n/a	tongue	n/a	n/a
413.9845	0	TMS	alveolar	stop	n/a	n/a	alveolar	110	tongue	69	no
414.0345	0	stimulus	n/a	n/a	o	p	n/a	n/a	tongue	n/a	n/a
417.9965	0	TMS	alveolar	stop	n/a	n/a	alveolar	110	tongue	70	no
418.0465	0	stimulus	n/a	n/a	e	p	n/a	n/a	tongue	n/a	n/a
421.993	0	TMS	bilabial	stop	n/a	n/a	bilabial	110	tongue	71	yes
422.043	0	stimulus	n/a	n/a	b	o	n/a	n/a	tongue	n/a	n/a
425.9585	0	TMS	alveolar	stop	n/a	n/a	alveolar	110	control_tongue	72	yes
426.0085	0	stimulus	n/a	n/a	d	e	n/a	n/a	control_tongue	n/a	n/a
429.9855	0	TMS	alveolar	stop	n/a	n/a	alveolar	110	tongue	73	no
430.0355	0	stimulus	n/a	n/a	t	o	n/a	n/a	tongue	n/a	n/a
433.999	0	TMS	alveolar	stop	n/a	n/a	alveolar	110	tongue	74	no
434.049	0	stimulus	n/a	n/a	a	p	n/a	n/a	tongue	n/a	n/a
437.9895	0	TMS	alveolar	stop	n/a	n/a	alveolar	110	control_tongue	75	no
438.0395	0	stimulus	n/a	n/a	t	a	n/a	n/a	control_tongue	n/a	n/a
441.995	0	TMS	alveolar	stop	n/a	n/a	alveolar	110	control_tongue	76	no
442.045	0	stimulus	n/a	n/a	e	d	n/a	n/a	control_tongue	n/a	n/a
445.9845	0	TMS	alveolar	stop	n/a	n/a	alveolar	110	control_tongue	77	no
446.0345	0	stimulus	n/a	n/a	i	b	n/a	n/a	control_tongue	n/a	n/a
449.999	0	TMS	bilabial	stop	n/a	n/a	bilabial	110	tongue	78	no
450.049	0	stimulus	n/a	n/a	p	o	n/a	n/a	tongue	n/a	n/a
453.99	0	TMS	bilabial	stop	n/a	n/a	bilabial	110	control_tongue	79	yes
454.04	0	stimulus	n/a	n/a	b	u	n/a	n/a	control_tongue	n/a	n/a
457.9865	0	TMS	alveolar	stop	n/a	n/a	alveolar	110	control_tongue	80	no
458.0365	0	stimulus	n/a	n/a	i	p	n/a	n/a	control_tongue	n/a	n/a
461.9875	0	TMS	alveolar	stop	n/a	n/a	alveolar	110	tongue	81	no
462.0375	0	stimulus	n/a	n/a	u	t	n/a	n/a	tongue	n/a	n/a
465.9845	0	TMS	alveolar	stop	n/a	n/a	alveolar	110	tongue	82	no
466.0345	0	stimulus	n/a	n/a	o	t	n/a	n/a	tongue	n/a	n/a
469.9965	0	TMS	bilabial	stop	n/a	n/a	bilabial	110	tongue	83	no
470.0465	0	stimulus	n/a	n/a	p	i	n/a	n/a	tongue	n/a	n/a
473.993	0	TMS	alveolar	stop	n/a	n/a	alveolar	110	tongue	84	no
474.043	0	stimulus	n/a	n/a	o	b	n/a	n/a	tongue	n/a	n/a
477.989	0	TMS	alveolar	stop	n/a	n/a	alveolar	110	tongue	85	no
478.039	0	stimulus	n/a	n/a	a	t	n/a	n/a	tongue	n/a	n/a
481.9935	0	TMS	bilabial	stop	n/a	n/a	bilabial	110	control_tongue	86	yes
482.0435	0	stimulus	n/a	n/a	b	a	n/a	n/a	control_tongue	n/a	n/a
488.055	0	TMS	alveolar	stop	n/a	n/a	alveolar	110	control_tongue	87	no
488.105	0	stimulus	n/a	n/a	e	d	n/a	n/a	control_tongue	n/a	n/a
493.9895	0	TMS	alveolar	stop	n/a	n/a	alveolar	110	tongue	88	no
494.0395	0	stimulus	n/a	n/a	e	t	n/a	n/a	tongue	n/a	n/a
497.986	0	TMS	bilabial	stop	n/a	n/a	bilabial	110	tongue	89	no
498.036	0	stimulus	n/a	n/a	p	a	n/a	n/a	tongue	n/a	n/a
501.9995	0	TMS	alveolar	stop	n/a	n/a	alveolar	110	tongue	90	no
502.0495	0	stimulus	n/a	n/a	a	p	n/a	n/a	tongue	n/a	n/a
505.995	0	TMS	alveolar	stop	n/a	n/a	alveolar	110	tongue	91	no
506.045	0	stimulus	n/a	n/a	a	d	n/a	n/a	tongue	n/a	n/a
509.9855	0	TMS	alveolar	stop	n/a	n/a	alveolar	110	control_tongue	92	no
510.0355	0	stimulus	n/a	n/a	u	b	n/a	n/a	control_tongue	n/a	n/a
513.987	0	TMS	alveolar	stop	n/a	n/a	alveolar	110	tongue	93	yes
514.037	0	stimulus	n/a	n/a	d	u	n/a	n/a	tongue	n/a	n/a
518.0195	0	TMS	alveolar	stop	n/a	n/a	alveolar	110	control_tongue	94	no
518.0695	0	stimulus	n/a	n/a	i	p	n/a	n/a	control_tongue	n/a	n/a
521.997	0	TMS	alveolar	stop	n/a	n/a	alveolar	110	tongue	95	no
522.047	0	stimulus	n/a	n/a	o	t	n/a	n/a	tongue	n/a	n/a
525.9925	0	TMS	alveolar	stop	n/a	n/a	alveolar	110	tongue	96	no
526.0425	0	stimulus	n/a	n/a	e	d	n/a	n/a	tongue	n/a	n/a
529.9885	0	TMS	alveolar	stop	n/a	n/a	alveolar	110	tongue	97	no
530.0385	0	stimulus	n/a	n/a	t	o	n/a	n/a	tongue	n/a	n/a
534.0005	0	TMS	alveolar	stop	n/a	n/a	alveolar	110	tongue	98	yes
534.0505	0	stimulus	n/a	n/a	d	u	n/a	n/a	tongue	n/a	n/a
537.9975	0	TMS	bilabial	stop	n/a	n/a	bilabial	110	tongue	99	no
538.0475	0	stimulus	n/a	n/a	p	i	n/a	n/a	tongue	n/a	n/a
541.9935	0	TMS	alveolar	stop	n/a	n/a	alveolar	110	tongue	100	no
542.0435	0	stimulus	n/a	n/a	t	o	n/a	n/a	tongue	n/a	n/a
545.99	0	TMS	alveolar	stop	n/a	n/a	alveolar	110	tongue	101	yes
546.04	0	stimulus	n/a	n/a	d	u	n/a	n/a	tongue	n/a	n/a
549.9855	0	TMS	alveolar	stop	n/a	n/a	alveolar	110	tongue	102	no
550.0355	0	stimulus	n/a	n/a	i	b	n/a	n/a	tongue	n/a	n/a
553.9975	0	TMS	bilabial	stop	n/a	n/a	bilabial	110	tongue	103	yes
554.0475	0	stimulus	n/a	n/a	b	e	n/a	n/a	tongue	n/a	n/a
557.9945	0	TMS	bilabial	stop	n/a	n/a	bilabial	110	tongue	104	no
558.0445	0	stimulus	n/a	n/a	p	e	n/a	n/a	tongue	n/a	n/a
561.9805	0	TMS	alveolar	stop	n/a	n/a	alveolar	110	control_tongue	105	yes
562.0305	0	stimulus	n/a	n/a	d	o	n/a	n/a	control_tongue	n/a	n/a
565.9875	0	TMS	alveolar	stop	n/a	n/a	alveolar	110	tongue	106	no
566.0375	0	stimulus	n/a	n/a	e	b	n/a	n/a	tongue	n/a	n/a
569.9995	0	TMS	alveolar	stop	n/a	n/a	alveolar	110	tongue	107	no
570.0495	0	stimulus	n/a	n/a	t	u	n/a	n/a	tongue	n/a	n/a
573.9965	0	TMS	alveolar	stop	n/a	n/a	alveolar	110	tongue	108	no
574.0465	0	stimulus	n/a	n/a	i	t	n/a	n/a	tongue	n/a	n/a
577.9865	0	TMS	alveolar	stop	n/a	n/a	alveolar	110	control_tongue	109	no
578.0365	0	stimulus	n/a	n/a	e	p	n/a	n/a	control_tongue	n/a	n/a
581.988	0	TMS	alveolar	stop	n/a	n/a	alveolar	110	tongue	110	no
582.038	0	stimulus	n/a	n/a	o	b	n/a	n/a	tongue	n/a	n/a
586.001	0	TMS	alveolar	stop	n/a	n/a	alveolar	110	tongue	111	no
586.051	0	stimulus	n/a	n/a	t	e	n/a	n/a	tongue	n/a	n/a
589.997	0	TMS	alveolar	stop	n/a	n/a	alveolar	110	tongue	112	no
590.047	0	stimulus	n/a	n/a	u	d	n/a	n/a	tongue	n/a	n/a
593.9935	0	TMS	bilabial	stop	n/a	n/a	bilabial	110	tongue	113	yes
594.0435	0	stimulus	n/a	n/a	b	o	n/a	n/a	tongue	n/a	n/a
597.989	0	TMS	alveolar	stop	n/a	n/a	alveolar	110	tongue	114	no
598.039	0	stimulus	n/a	n/a	e	p	n/a	n/a	tongue	n/a	n/a
601.9855	0	TMS	bilabial	stop	n/a	n/a	bilabial	110	tongue	115	no
602.0355	0	stimulus	n/a	n/a	p	a	n/a	n/a	tongue	n/a	n/a
606.5255	0	TMS	alveolar	stop	n/a	n/a	alveolar	110	control_tongue	116	no
606.5755	0	stimulus	n/a	n/a	a	t	n/a	n/a	control_tongue	n/a	n/a
613.99	0	TMS	alveolar	stop	n/a	n/a	alveolar	110	tongue	117	no
614.04	0	stimulus	n/a	n/a	t	u	n/a	n/a	tongue	n/a	n/a
692.4135	0	TMS	alveolar	stop	n/a	n/a	alveolar	110	tongue	118	no
692.4635	0	stimulus	n/a	n/a	a	b	n/a	n/a	tongue	n/a	n/a
696.426	0	TMS	alveolar	stop	n/a	n/a	alveolar	110	tongue	119	no
696.476	0	stimulus	n/a	n/a	a	t	n/a	n/a	tongue	n/a	n/a
700.4175	0	TMS	alveolar	stop	n/a	n/a	alveolar	110	control_tongue	120	no
700.4675	0	stimulus	n/a	n/a	u	p	n/a	n/a	control_tongue	n/a	n/a
704.4185	0	TMS	alveolar	stop	n/a	n/a	alveolar	110	tongue	121	yes
704.4685	0	stimulus	n/a	n/a	d	o	n/a	n/a	tongue	n/a	n/a
708.4145	0	TMS	alveolar	stop	n/a	n/a	alveolar	110	tongue	122	no
708.4645	0	stimulus	n/a	n/a	e	p	n/a	n/a	tongue	n/a	n/a
712.4215	0	TMS	alveolar	stop	n/a	n/a	alveolar	110	control_tongue	123	no
712.4715	0	stimulus	n/a	n/a	u	t	n/a	n/a	control_tongue	n/a	n/a
716.4235	0	TMS	alveolar	stop	n/a	n/a	alveolar	110	tongue	124	no
716.4735	0	stimulus	n/a	n/a	t	e	n/a	n/a	tongue	n/a	n/a
720.4215	0	TMS	alveolar	stop	n/a	n/a	alveolar	110	control_tongue	125	no
720.4715	0	stimulus	n/a	n/a	a	p	n/a	n/a	control_tongue	n/a	n/a
724.416	0	TMS	alveolar	stop	n/a	n/a	alveolar	110	tongue	126	no
724.466	0	stimulus	n/a	n/a	t	a	n/a	n/a	tongue	n/a	n/a
728.4155	0	TMS	bilabial	stop	n/a	n/a	bilabial	110	control_tongue	127	no
728.4655	0	stimulus	n/a	n/a	p	u	n/a	n/a	control_tongue	n/a	n/a
732.419	0	TMS	alveolar	stop	n/a	n/a	alveolar	110	control_tongue	128	no
732.469	0	stimulus	n/a	n/a	t	u	n/a	n/a	control_tongue	n/a	n/a
736.4205	0	TMS	alveolar	stop	n/a	n/a	alveolar	110	tongue	129	no
736.4705	0	stimulus	n/a	n/a	i	d	n/a	n/a	tongue	n/a	n/a
740.4165	0	TMS	alveolar	stop	n/a	n/a	alveolar	110	tongue	130	no
740.4665	0	stimulus	n/a	n/a	e	b	n/a	n/a	tongue	n/a	n/a
744.4295	0	TMS	bilabial	stop	n/a	n/a	bilabial	110	tongue	131	yes
744.4795	0	stimulus	n/a	n/a	b	a	n/a	n/a	tongue	n/a	n/a
748.4255	0	TMS	alveolar	stop	n/a	n/a	alveolar	110	tongue	132	no
748.4755	0	stimulus	n/a	n/a	e	d	n/a	n/a	tongue	n/a	n/a
752.422	0	TMS	alveolar	stop	n/a	n/a	alveolar	110	tongue	133	no
752.472	0	stimulus	n/a	n/a	a	b	n/a	n/a	tongue	n/a	n/a
756.428	0	TMS	bilabial	stop	n/a	n/a	bilabial	110	control_tongue	134	no
756.478	0	stimulus	n/a	n/a	p	a	n/a	n/a	control_tongue	n/a	n/a
760.4135	0	TMS	alveolar	stop	n/a	n/a	alveolar	110	tongue	135	yes
760.4635	0	stimulus	n/a	n/a	d	o	n/a	n/a	tongue	n/a	n/a
764.427	0	TMS	bilabial	stop	n/a	n/a	bilabial	110	tongue	136	yes
764.477	0	stimulus	n/a	n/a	b	u	n/a	n/a	tongue	n/a	n/a
768.4225	0	TMS	alveolar	stop	n/a	n/a	alveolar	110	tongue	137	no
768.4725	0	stimulus	n/a	n/a	a	b	n/a	n/a	tongue	n/a	n/a
772.4185	0	TMS	alveolar	stop	n/a	n/a	alveolar	110	tongue	138	no
772.4685	0	stimulus	n/a	n/a	a	t	n/a	n/a	tongue	n/a	n/a
776.412	0	TMS	bilabial	stop	n/a	n/a	bilabial	110	control_tongue	139	no
776.462	0	stimulus	n/a	n/a	p	o	n/a	n/a	control_tongue	n/a	n/a
780.4275	0	TMS	alveolar	stop	n/a	n/a	alveolar	110	tongue	140	no
780.4775	0	stimulus	n/a	n/a	u	d	n/a	n/a	tongue	n/a	n/a
784.4245	0	TMS	alveolar	stop	n/a	n/a	alveolar	110	tongue	141	yes
784.4745	0	stimulus	n/a	n/a	d	i	n/a	n/a	tongue	n/a	n/a
788.4205	0	TMS	alveolar	stop	n/a	n/a	alveolar	110	tongue	142	no
788.4705	0	stimulus	n/a	n/a	i	b	n/a	n/a	tongue	n/a	n/a
792.4165	0	TMS	alveolar	stop	n/a	n/a	alveolar	110	tongue	143	no
792.4665	0	stimulus	n/a	n/a	t	a	n/a	n/a	tongue	n/a	n/a
796.429	0	TMS	bilabial	stop	n/a	n/a	bilabial	110	tongue	144	yes
796.479	0	stimulus	n/a	n/a	b	a	n/a	n/a	tongue	n/a	n/a
800.42	0	TMS	alveolar	stop	n/a	n/a	alveolar	110	control_tongue	145	no
800.47	0	stimulus	n/a	n/a	e	t	n/a	n/a	control_tongue	n/a	n/a
804.421	0	TMS	alveolar	stop	n/a	n/a	alveolar	110	tongue	146	yes
804.471	0	stimulus	n/a	n/a	d	o	n/a	n/a	tongue	n/a	n/a
808.4175	0	TMS	alveolar	stop	n/a	n/a	alveolar	110	tongue	147	no
808.4675	0	stimulus	n/a	n/a	o	d	n/a	n/a	tongue	n/a	n/a
812.4305	0	TMS	bilabial	stop	n/a	n/a	bilabial	110	tongue	148	yes
812.4805	0	stimulus	n/a	n/a	b	a	n/a	n/a	tongue	n/a	n/a
816.427	0	TMS	alveolar	stop	n/a	n/a	alveolar	110	control_tongue	149	no
816.477	0	stimulus	n/a	n/a	t	o	n/a	n/a	control_tongue	n/a	n/a
820.4225	0	TMS	alveolar	stop	n/a	n/a	alveolar	110	tongue	150	no
820.4725	0	stimulus	n/a	n/a	e	d	n/a	n/a	tongue	n/a	n/a
824.4185	0	TMS	alveolar	stop	n/a	n/a	alveolar	110	tongue	151	no
824.4685	0	stimulus	n/a	n/a	i	p	n/a	n/a	tongue	n/a	n/a
828.4285	0	TMS	alveolar	stop	n/a	n/a	alveolar	110	control_tongue	152	yes
828.4785	0	stimulus	n/a	n/a	d	i	n/a	n/a	control_tongue	n/a	n/a
832.427	0	TMS	bilabial	stop	n/a	n/a	bilabial	110	tongue	153	yes
832.477	0	stimulus	n/a	n/a	b	u	n/a	n/a	tongue	n/a	n/a
836.408	0	TMS	bilabial	stop	n/a	n/a	bilabial	110	tongue	154	no
836.458	0	stimulus	n/a	n/a	p	u	n/a	n/a	tongue	n/a	n/a
840.4195	0	TMS	bilabial	stop	n/a	n/a	bilabial	110	tongue	155	yes
840.4695	0	stimulus	n/a	n/a	b	u	n/a	n/a	tongue	n/a	n/a
844.4155	0	TMS	alveolar	stop	n/a	n/a	alveolar	110	tongue	156	yes
844.4655	0	stimulus	n/a	n/a	d	e	n/a	n/a	tongue	n/a	n/a
848.4195	0	TMS	alveolar	stop	n/a	n/a	alveolar	110	control_tongue	157	no
848.4695	0	stimulus	n/a	n/a	o	b	n/a	n/a	control_tongue	n/a	n/a
852.425	0	TMS	alveolar	stop	n/a	n/a	alveolar	110	tongue	158	no
852.475	0	stimulus	n/a	n/a	o	d	n/a	n/a	tongue	n/a	n/a
856.4225	0	TMS	bilabial	stop	n/a	n/a	bilabial	110	control_tongue	159	no
856.4725	0	stimulus	n/a	n/a	p	i	n/a	n/a	control_tongue	n/a	n/a
860.4175	0	TMS	bilabial	stop	n/a	n/a	bilabial	110	tongue	160	yes
860.4675	0	stimulus	n/a	n/a	b	o	n/a	n/a	tongue	n/a	n/a
864.4285	0	TMS	alveolar	stop	n/a	n/a	alveolar	110	control_tongue	161	no
864.4785	0	stimulus	n/a	n/a	o	t	n/a	n/a	control_tongue	n/a	n/a
868.426	0	TMS	alveolar	stop	n/a	n/a	alveolar	110	tongue	162	no
868.476	0	stimulus	n/a	n/a	u	b	n/a	n/a	tongue	n/a	n/a
872.423	0	TMS	alveolar	stop	n/a	n/a	alveolar	110	tongue	163	no
872.473	0	stimulus	n/a	n/a	o	t	n/a	n/a	tongue	n/a	n/a
876.4255	0	TMS	bilabial	stop	n/a	n/a	bilabial	110	control_tongue	164	no
876.4755	0	stimulus	n/a	n/a	p	e	n/a	n/a	control_tongue	n/a	n/a
880.4305	0	TMS	alveolar	stop	n/a	n/a	alveolar	110	tongue	165	yes
880.4805	0	stimulus	n/a	n/a	d	i	n/a	n/a	tongue	n/a	n/a
884.427	0	TMS	alveolar	stop	n/a	n/a	alveolar	110	tongue	166	no
884.477	0	stimulus	n/a	n/a	o	p	n/a	n/a	tongue	n/a	n/a
888.43	0	TMS	alveolar	stop	n/a	n/a	alveolar	110	control_tongue	167	no
888.48	0	stimulus	n/a	n/a	e	b	n/a	n/a	control_tongue	n/a	n/a
892.4195	0	TMS	alveolar	stop	n/a	n/a	alveolar	110	tongue	168	no
892.4695	0	stimulus	n/a	n/a	a	t	n/a	n/a	tongue	n/a	n/a
896.4145	0	TMS	bilabial	stop	n/a	n/a	bilabial	110	control_tongue	169	no
896.4645	0	stimulus	n/a	n/a	p	a	n/a	n/a	control_tongue	n/a	n/a
900.4395	0	TMS	alveolar	stop	n/a	n/a	alveolar	110	control_tongue	170	no
900.4895	0	stimulus	n/a	n/a	t	u	n/a	n/a	control_tongue	n/a	n/a
904.4245	0	TMS	bilabial	stop	n/a	n/a	bilabial	110	tongue	171	yes
904.4745	0	stimulus	n/a	n/a	b	i	n/a	n/a	tongue	n/a	n/a
908.4205	0	TMS	alveolar	stop	n/a	n/a	alveolar	110	tongue	172	no
908.4705	0	stimulus	n/a	n/a	o	b	n/a	n/a	tongue	n/a	n/a
912.416	0	TMS	bilabial	stop	n/a	n/a	bilabial	110	tongue	173	no
912.466	0	stimulus	n/a	n/a	p	i	n/a	n/a	tongue	n/a	n/a
916.4315	0	TMS	alveolar	stop	n/a	n/a	alveolar	110	tongue	174	no
916.4815	0	stimulus	n/a	n/a	a	t	n/a	n/a	tongue	n/a	n/a
920.425	0	TMS	bilabial	stop	n/a	n/a	bilabial	110	tongue	175	yes
920.475	0	stimulus	n/a	n/a	b	a	n/a	n/a	tongue	n/a	n/a
924.421	0	TMS	bilabial	stop	n/a	n/a	bilabial	110	tongue	176	no
924.471	0	stimulus	n/a	n/a	p	u	n/a	n/a	tongue	n/a	n/a
928.417	0	TMS	alveolar	stop	n/a	n/a	alveolar	110	tongue	177	no
928.467	0	stimulus	n/a	n/a	t	u	n/a	n/a	tongue	n/a	n/a
948.4315	0	TMS	alveolar	stop	n/a	n/a	alveolar	110	tongue	178	no
948.4815	0	stimulus	n/a	n/a	t	i	n/a	n/a	tongue	n/a	n/a
952.415	0	TMS	alveolar	stop	n/a	n/a	alveolar	110	control_tongue	179	no
952.465	0	stimulus	n/a	n/a	u	d	n/a	n/a	control_tongue	n/a	n/a
956.4235	0	TMS	alveolar	stop	n/a	n/a	alveolar	110	tongue	180	no
956.4735	0	stimulus	n/a	n/a	t	a	n/a	n/a	tongue	n/a	n/a
960.4195	0	TMS	alveolar	stop	n/a	n/a	alveolar	110	tongue	181	no
960.4695	0	stimulus	n/a	n/a	t	e	n/a	n/a	tongue	n/a	n/a
964.416	0	TMS	bilabial	stop	n/a	n/a	bilabial	110	tongue	182	no
964.466	0	stimulus	n/a	n/a	p	i	n/a	n/a	tongue	n/a	n/a
968.4225	0	TMS	alveolar	stop	n/a	n/a	alveolar	110	control_tongue	183	no
968.4725	0	stimulus	n/a	n/a	o	b	n/a	n/a	control_tongue	n/a	n/a
972.408	0	TMS	alveolar	stop	n/a	n/a	alveolar	110	control_tongue	184	yes
972.458	0	stimulus	n/a	n/a	d	a	n/a	n/a	control_tongue	n/a	n/a
976.4205	0	TMS	bilabial	stop	n/a	n/a	bilabial	110	tongue	185	yes
976.4705	0	stimulus	n/a	n/a	b	e	n/a	n/a	tongue	n/a	n/a
980.417	0	TMS	alveolar	stop	n/a	n/a	alveolar	110	tongue	186	no
980.467	0	stimulus	n/a	n/a	i	t	n/a	n/a	tongue	n/a	n/a
984.435	0	TMS	alveolar	stop	n/a	n/a	alveolar	110	control_tongue	187	no
984.485	0	stimulus	n/a	n/a	i	p	n/a	n/a	control_tongue	n/a	n/a
988.429	0	TMS	alveolar	stop	n/a	n/a	alveolar	110	control_tongue	188	no
988.479	0	stimulus	n/a	n/a	i	t	n/a	n/a	control_tongue	n/a	n/a
992.421	0	TMS	alveolar	stop	n/a	n/a	alveolar	110	control_tongue	189	no
992.471	0	stimulus	n/a	n/a	a	d	n/a	n/a	control_tongue	n/a	n/a
996.41	0	TMS	alveolar	stop	n/a	n/a	alveolar	110	control_tongue	190	no
996.46	0	stimulus	n/a	n/a	t	o	n/a	n/a	control_tongue	n/a	n/a
1000.4305	0	TMS	bilabial	stop	n/a	n/a	bilabial	110	tongue	191	no
1000.4805	0	stimulus	n/a	n/a	p	e	n/a	n/a	tongue	n/a	n/a
1004.427	0	TMS	alveolar	stop	n/a	n/a	alveolar	110	tongue	192	no
1004.477	0	stimulus	n/a	n/a	e	t	n/a	n/a	tongue	n/a	n/a
1008.423	0	TMS	alveolar	stop	n/a	n/a	alveolar	110	tongue	193	no
1008.473	0	stimulus	n/a	n/a	t	i	n/a	n/a	tongue	n/a	n/a
1012.419	0	TMS	alveolar	stop	n/a	n/a	alveolar	110	tongue	194	no
1012.469	0	stimulus	n/a	n/a	t	a	n/a	n/a	tongue	n/a	n/a
1016.434	0	TMS	alveolar	stop	n/a	n/a	alveolar	110	control_tongue	195	no
1016.484	0	stimulus	n/a	n/a	u	p	n/a	n/a	control_tongue	n/a	n/a
1020.428	0	TMS	alveolar	stop	n/a	n/a	alveolar	110	tongue	196	no
1020.478	0	stimulus	n/a	n/a	t	u	n/a	n/a	tongue	n/a	n/a
1024.4235	0	TMS	alveolar	stop	n/a	n/a	alveolar	110	tongue	197	no
1024.4735	0	stimulus	n/a	n/a	u	t	n/a	n/a	tongue	n/a	n/a
1028.42	0	TMS	alveolar	stop	n/a	n/a	alveolar	110	tongue	198	yes
1028.47	0	stimulus	n/a	n/a	d	e	n/a	n/a	tongue	n/a	n/a
1032.416	0	TMS	bilabial	stop	n/a	n/a	bilabial	110	tongue	199	no
1032.466	0	stimulus	n/a	n/a	p	o	n/a	n/a	tongue	n/a	n/a
1036.429	0	TMS	alveolar	stop	n/a	n/a	alveolar	110	tongue	200	no
1036.479	0	stimulus	n/a	n/a	e	p	n/a	n/a	tongue	n/a	n/a
1040.4285	0	TMS	alveolar	stop	n/a	n/a	alveolar	110	control_tongue	201	no
1040.4785	0	stimulus	n/a	n/a	e	d	n/a	n/a	control_tongue	n/a	n/a
1044.422	0	TMS	alveolar	stop	n/a	n/a	alveolar	110	tongue	202	no
1044.472	0	stimulus	n/a	n/a	u	t	n/a	n/a	tongue	n/a	n/a
1048.4145	0	TMS	alveolar	stop	n/a	n/a	alveolar	110	control_tongue	203	no
1048.4645	0	stimulus	n/a	n/a	i	b	n/a	n/a	control_tongue	n/a	n/a
1052.4175	0	TMS	alveolar	stop	n/a	n/a	alveolar	110	control_tongue	204	no
1052.4675	0	stimulus	n/a	n/a	e	p	n/a	n/a	control_tongue	n/a	n/a
1056.4125	0	TMS	bilabial	stop	n/a	n/a	bilabial	110	control_tongue	205	yes
1056.4625	0	stimulus	n/a	n/a	b	e	n/a	n/a	control_tongue	n/a	n/a
1060.422	0	TMS	alveolar	stop	n/a	n/a	alveolar	110	tongue	206	no
1060.472	0	stimulus	n/a	n/a	i	d	n/a	n/a	tongue	n/a	n/a
1064.419	0	TMS	alveolar	stop	n/a	n/a	alveolar	110	tongue	207	no
1064.469	0	stimulus	n/a	n/a	u	b	n/a	n/a	tongue	n/a	n/a
1068.4285	0	TMS	alveolar	stop	n/a	n/a	alveolar	110	control_tongue	208	yes
1068.4785	0	stimulus	n/a	n/a	d	u	n/a	n/a	control_tongue	n/a	n/a
1072.427	0	TMS	bilabial	stop	n/a	n/a	bilabial	110	tongue	209	no
1072.477	0	stimulus	n/a	n/a	p	o	n/a	n/a	tongue	n/a	n/a
1076.437	0	TMS	alveolar	stop	n/a	n/a	alveolar	110	control_tongue	210	no
1076.487	0	stimulus	n/a	n/a	t	i	n/a	n/a	control_tongue	n/a	n/a
1080.432	0	TMS	bilabial	stop	n/a	n/a	bilabial	110	control_tongue	211	yes
1080.482	0	stimulus	n/a	n/a	b	u	n/a	n/a	control_tongue	n/a	n/a
1084.4325	0	TMS	alveolar	stop	n/a	n/a	alveolar	110	tongue	212	yes
1084.4825	0	stimulus	n/a	n/a	d	e	n/a	n/a	tongue	n/a	n/a
1088.428	0	TMS	bilabial	stop	n/a	n/a	bilabial	110	tongue	213	no
1088.478	0	stimulus	n/a	n/a	p	e	n/a	n/a	tongue	n/a	n/a
1092.4245	0	TMS	alveolar	stop	n/a	n/a	alveolar	110	tongue	214	yes
1092.4745	0	stimulus	n/a	n/a	d	u	n/a	n/a	tongue	n/a	n/a
1096.4205	0	TMS	alveolar	stop	n/a	n/a	alveolar	110	tongue	215	no
1096.4705	0	stimulus	n/a	n/a	i	p	n/a	n/a	tongue	n/a	n/a
1104.429	0	TMS	bilabial	stop	n/a	n/a	bilabial	110	control_tongue	216	yes
1104.479	0	stimulus	n/a	n/a	b	o	n/a	n/a	control_tongue	n/a	n/a
1108.4255	0	TMS	alveolar	stop	n/a	n/a	alveolar	110	tongue	217	no
1108.4755	0	stimulus	n/a	n/a	o	p	n/a	n/a	tongue	n/a	n/a
1112.4215	0	TMS	alveolar	stop	n/a	n/a	alveolar	110	control_tongue	218	no
1112.4715	0	stimulus	n/a	n/a	t	e	n/a	n/a	control_tongue	n/a	n/a
1116.418	0	TMS	bilabial	stop	n/a	n/a	bilabial	110	tongue	219	yes
1116.468	0	stimulus	n/a	n/a	b	i	n/a	n/a	tongue	n/a	n/a
1120.4305	0	TMS	alveolar	stop	n/a	n/a	alveolar	110	control_tongue	220	no
1120.4805	0	stimulus	n/a	n/a	a	p	n/a	n/a	control_tongue	n/a	n/a
1124.427	0	TMS	alveolar	stop	n/a	n/a	alveolar	110	tongue	221	no
1124.477	0	stimulus	n/a	n/a	u	b	n/a	n/a	tongue	n/a	n/a
1128.423	0	TMS	alveolar	stop	n/a	n/a	alveolar	110	tongue	222	no
1128.473	0	stimulus	n/a	n/a	i	b	n/a	n/a	tongue	n/a	n/a
1132.4185	0	TMS	alveolar	stop	n/a	n/a	alveolar	110	tongue	223	no
1132.4685	0	stimulus	n/a	n/a	o	p	n/a	n/a	tongue	n/a	n/a
1136.432	0	TMS	alveolar	stop	n/a	n/a	alveolar	110	tongue	224	no
1136.482	0	stimulus	n/a	n/a	u	p	n/a	n/a	tongue	n/a	n/a
1140.4285	0	TMS	alveolar	stop	n/a	n/a	alveolar	110	tongue	225	no
1140.4785	0	stimulus	n/a	n/a	e	d	n/a	n/a	tongue	n/a	n/a
1144.424	0	TMS	alveolar	stop	n/a	n/a	alveolar	110	tongue	226	no
1144.474	0	stimulus	n/a	n/a	a	b	n/a	n/a	tongue	n/a	n/a
1148.42	0	TMS	bilabial	stop	n/a	n/a	bilabial	110	tongue	227	no
1148.47	0	stimulus	n/a	n/a	p	o	n/a	n/a	tongue	n/a	n/a
1152.433	0	TMS	alveolar	stop	n/a	n/a	alveolar	110	tongue	228	no
1152.483	0	stimulus	n/a	n/a	o	d	n/a	n/a	tongue	n/a	n/a
1156.4275	0	TMS	alveolar	stop	n/a	n/a	alveolar	110	control_tongue	229	yes
1156.4775	0	stimulus	n/a	n/a	d	i	n/a	n/a	control_tongue	n/a	n/a
1160.424	0	TMS	alveolar	stop	n/a	n/a	alveolar	110	control_tongue	230	no
1160.474	0	stimulus	n/a	n/a	t	e	n/a	n/a	control_tongue	n/a	n/a
1164.4215	0	TMS	alveolar	stop	n/a	n/a	alveolar	110	tongue	231	no
1164.4715	0	stimulus	n/a	n/a	u	p	n/a	n/a	tongue	n/a	n/a
1168.418	0	TMS	alveolar	stop	n/a	n/a	alveolar	110	tongue	232	no
1168.468	0	stimulus	n/a	n/a	t	o	n/a	n/a	tongue	n/a	n/a
1172.42	0	TMS	alveolar	stop	n/a	n/a	alveolar	110	control_tongue	233	no
1172.47	0	stimulus	n/a	n/a	o	b	n/a	n/a	control_tongue	n/a	n/a
1176.426	0	TMS	alveolar	stop	n/a	n/a	alveolar	110	tongue	234	no
1176.476	0	stimulus	n/a	n/a	i	t	n/a	n/a	tongue	n/a	n/a
1180.4225	0	TMS	alveolar	stop	n/a	n/a	alveolar	110	tongue	235	no
1180.4725	0	stimulus	n/a	n/a	e	t	n/a	n/a	tongue	n/a	n/a
1184.4265	0	TMS	alveolar	stop	n/a	n/a	alveolar	110	control_tongue	236	no
1184.4765	0	stimulus	n/a	n/a	u	d	n/a	n/a	control_tongue	n/a	n/a
2655.9225	0	TMS	alveolar	stop	n/a	n/a	alveolar	110	lip	237	no
2655.9725	0	stimulus	n/a	n/a	u	d	n/a	n/a	lip	n/a	n/a
2659.9185	0	TMS	alveolar	stop	n/a	n/a	alveolar	110	lip	238	no
2659.9685	0	stimulus	n/a	n/a	a	d	n/a	n/a	lip	n/a	n/a
2663.9145	0	TMS	bilabial	stop	n/a	n/a	bilabial	110	lip	239	no
2663.9645	0	stimulus	n/a	n/a	p	u	n/a	n/a	lip	n/a	n/a
2667.921	0	TMS	alveolar	stop	n/a	n/a	alveolar	110	control_lip	240	no
2667.971	0	stimulus	n/a	n/a	i	t	n/a	n/a	control_lip	n/a	n/a
2671.9235	0	TMS	bilabial	stop	n/a	n/a	bilabial	110	lip	241	yes
2671.9735	0	stimulus	n/a	n/a	b	o	n/a	n/a	lip	n/a	n/a
2675.92	0	TMS	alveolar	stop	n/a	n/a	alveolar	110	lip	242	no
2675.97	0	stimulus	n/a	n/a	i	d	n/a	n/a	lip	n/a	n/a
2679.915	0	TMS	alveolar	stop	n/a	n/a	alveolar	110	lip	243	no
2679.965	0	stimulus	n/a	n/a	e	b	n/a	n/a	lip	n/a	n/a
2683.928	0	TMS	alveolar	stop	n/a	n/a	alveolar	110	lip	244	no
2683.978	0	stimulus	n/a	n/a	a	d	n/a	n/a	lip	n/a	n/a
2687.9245	0	TMS	bilabial	stop	n/a	n/a	bilabial	110	lip	245	no
2687.9745	0	stimulus	n/a	n/a	p	a	n/a	n/a	lip	n/a	n/a
2691.914	0	TMS	alveolar	stop	n/a	n/a	alveolar	110	control_lip	246	no
2691.964	0	stimulus	n/a	n/a	e	t	n/a	n/a	control_lip	n/a	n/a
2695.916	0	TMS	alveolar	stop	n/a	n/a	alveolar	110	lip	247	yes
2695.966	0	stimulus	n/a	n/a	d	a	n/a	n/a	lip	n/a	n/a
2699.93	0	TMS	bilabial	stop	n/a	n/a	bilabial	110	lip	248	yes
2699.98	0	stimulus	n/a	n/a	b	i	n/a	n/a	lip	n/a	n/a
2703.9255	0	TMS	bilabial	stop	n/a	n/a	bilabial	110	lip	249	yes
2703.9755	0	stimulus	n/a	n/a	b	e	n/a	n/a	lip	n/a	n/a
2707.93	0	TMS	bilabial	stop	n/a	n/a	bilabial	110	control_lip	250	no
2707.98	0	stimulus	n/a	n/a	p	u	n/a	n/a	control_lip	n/a	n/a
2711.918	0	TMS	alveolar	stop	n/a	n/a	alveolar	110	lip	251	no
2711.968	0	stimulus	n/a	n/a	u	t	n/a	n/a	lip	n/a	n/a
2715.9305	0	TMS	alveolar	stop	n/a	n/a	alveolar	110	lip	252	yes
2715.9805	0	stimulus	n/a	n/a	d	i	n/a	n/a	lip	n/a	n/a
2719.9125	0	TMS	alveolar	stop	n/a	n/a	alveolar	110	control_lip	253	no
2719.9625	0	stimulus	n/a	n/a	u	t	n/a	n/a	control_lip	n/a	n/a
2723.913	0	TMS	alveolar	stop	n/a	n/a	alveolar	110	control_lip	254	no
2723.963	0	stimulus	n/a	n/a	e	b	n/a	n/a	control_lip	n/a	n/a
2727.918	0	TMS	alveolar	stop	n/a	n/a	alveolar	110	control_lip	255	yes
2727.968	0	stimulus	n/a	n/a	d	o	n/a	n/a	control_lip	n/a	n/a
2731.9155	0	TMS	bilabial	stop	n/a	n/a	bilabial	110	lip	256	no
2731.9655	0	stimulus	n/a	n/a	p	u	n/a	n/a	lip	n/a	n/a
2735.934	0	TMS	alveolar	stop	n/a	n/a	alveolar	110	control_lip	257	no
2735.984	0	stimulus	n/a	n/a	i	d	n/a	n/a	control_lip	n/a	n/a
2739.924	0	TMS	alveolar	stop	n/a	n/a	alveolar	110	lip	258	no
2739.974	0	stimulus	n/a	n/a	t	e	n/a	n/a	lip	n/a	n/a
2743.9205	0	TMS	bilabial	stop	n/a	n/a	bilabial	110	lip	259	yes
2743.9705	0	stimulus	n/a	n/a	b	a	n/a	n/a	lip	n/a	n/a
2747.93	0	TMS	alveolar	stop	n/a	n/a	alveolar	110	control_lip	260	no
2747.98	0	stimulus	n/a	n/a	o	d	n/a	n/a	control_lip	n/a	n/a
2751.9295	0	TMS	alveolar	stop	n/a	n/a	alveolar	110	lip	261	yes
2751.9795	0	stimulus	n/a	n/a	d	i	n/a	n/a	lip	n/a	n/a
2755.942	0	TMS	bilabial	stop	n/a	n/a	bilabial	110	lip	262	yes
2755.992	0	stimulus	n/a	n/a	b	u	n/a	n/a	lip	n/a	n/a
2759.919	0	TMS	bilabial	stop	n/a	n/a	bilabial	110	control_lip	263	no
2759.969	0	stimulus	n/a	n/a	p	e	n/a	n/a	control_lip	n/a	n/a
2763.9175	0	TMS	alveolar	stop	n/a	n/a	alveolar	110	lip	264	no
2763.9675	0	stimulus	n/a	n/a	t	i	n/a	n/a	lip	n/a	n/a
2767.93	0	TMS	alveolar	stop	n/a	n/a	alveolar	110	lip	265	no
2767.98	0	stimulus	n/a	n/a	u	p	n/a	n/a	lip	n/a	n/a
2771.9215	0	TMS	alveolar	stop	n/a	n/a	alveolar	110	control_lip	266	no
2771.9715	0	stimulus	n/a	n/a	u	b	n/a	n/a	control_lip	n/a	n/a
2775.9215	0	TMS	alveolar	stop	n/a	n/a	alveolar	110	lip	267	no
2775.9715	0	stimulus	n/a	n/a	i	t	n/a	n/a	lip	n/a	n/a
2779.926	0	TMS	alveolar	stop	n/a	n/a	alveolar	110	control_lip	268	no
2779.976	0	stimulus	n/a	n/a	u	p	n/a	n/a	control_lip	n/a	n/a
2783.931	0	TMS	alveolar	stop	n/a	n/a	alveolar	110	lip	269	yes
2783.981	0	stimulus	n/a	n/a	d	o	n/a	n/a	lip	n/a	n/a
2787.933	0	TMS	bilabial	stop	n/a	n/a	bilabial	110	control_lip	270	yes
2787.983	0	stimulus	n/a	n/a	b	i	n/a	n/a	control_lip	n/a	n/a
2791.9235	0	TMS	alveolar	stop	n/a	n/a	alveolar	110	lip	271	yes
2791.9735	0	stimulus	n/a	n/a	d	e	n/a	n/a	lip	n/a	n/a
2795.924	0	TMS	alveolar	stop	n/a	n/a	alveolar	110	control_lip	272	no
2795.974	0	stimulus	n/a	n/a	o	t	n/a	n/a	control_lip	n/a	n/a
2799.916	0	TMS	alveolar	stop	n/a	n/a	alveolar	110	lip	273	yes
2799.966	0	stimulus	n/a	n/a	d	a	n/a	n/a	lip	n/a	n/a
2803.928	0	TMS	bilabial	stop	n/a	n/a	bilabial	110	lip	274	yes
2803.978	0	stimulus	n/a	n/a	b	e	n/a	n/a	lip	n/a	n/a
2807.9245	0	TMS	alveolar	stop	n/a	n/a	alveolar	110	lip	275	no
2807.9745	0	stimulus	n/a	n/a	i	b	n/a	n/a	lip	n/a	n/a
2811.9245	0	TMS	bilabial	stop	n/a	n/a	bilabial	110	control_lip	276	no
2811.9745	0	stimulus	n/a	n/a	p	i	n/a	n/a	control_lip	n/a	n/a
2815.9165	0	TMS	bilabial	stop	n/a	n/a	bilabial	110	lip	277	yes
2815.9665	0	stimulus	n/a	n/a	b	i	n/a	n/a	lip	n/a	n/a
2819.9295	0	TMS	alveolar	stop	n/a	n/a	alveolar	110	lip	278	no
2819.9795	0	stimulus	n/a	n/a	i	p	n/a	n/a	lip	n/a	n/a
2823.926	0	TMS	alveolar	stop	n/a	n/a	alveolar	110	lip	279	no
2823.976	0	stimulus	n/a	n/a	e	t	n/a	n/a	lip	n/a	n/a
2827.9255	0	TMS	alveolar	stop	n/a	n/a	alveolar	110	control_lip	280	no
2827.9755	0	stimulus	n/a	n/a	o	d	n/a	n/a	control_lip	n/a	n/a
2831.9185	0	TMS	alveolar	stop	n/a	n/a	alveolar	110	lip	281	yes
2831.9685	0	stimulus	n/a	n/a	d	a	n/a	n/a	lip	n/a	n/a
2835.936	0	TMS	bilabial	stop	n/a	n/a	bilabial	110	control_lip	282	yes
2835.986	0	stimulus	n/a	n/a	b	e	n/a	n/a	control_lip	n/a	n/a
2839.927	0	TMS	bilabial	stop	n/a	n/a	bilabial	110	lip	283	no
2839.977	0	stimulus	n/a	n/a	p	a	n/a	n/a	lip	n/a	n/a
2843.923	0	TMS	alveolar	stop	n/a	n/a	alveolar	110	lip	284	no
2843.973	0	stimulus	n/a	n/a	a	p	n/a	n/a	lip	n/a	n/a
2847.9185	0	TMS	alveolar	stop	n/a	n/a	alveolar	110	lip	285	no
2847.9685	0	stimulus	n/a	n/a	u	d	n/a	n/a	lip	n/a	n/a
2851.9285	0	TMS	alveolar	stop	n/a	n/a	alveolar	110	control_lip	286	no
2851.9785	0	stimulus	n/a	n/a	t	a	n/a	n/a	control_lip	n/a	n/a
2855.928	0	TMS	alveolar	stop	n/a	n/a	alveolar	110	lip	287	no
2855.978	0	stimulus	n/a	n/a	e	b	n/a	n/a	lip	n/a	n/a
2859.924	0	TMS	alveolar	stop	n/a	n/a	alveolar	110	control_lip	288	no
2859.974	0	stimulus	n/a	n/a	o	p	n/a	n/a	control_lip	n/a	n/a
2863.9255	0	TMS	alveolar	stop	n/a	n/a	alveolar	110	control_lip	289	no
2863.9755	0	stimulus	n/a	n/a	t	e	n/a	n/a	control_lip	n/a	n/a
2867.916	0	TMS	alveolar	stop	n/a	n/a	alveolar	110	lip	290	no
2867.966	0	stimulus	n/a	n/a	a	p	n/a	n/a	lip	n/a	n/a
2871.926	0	TMS	bilabial	stop	n/a	n/a	bilabial	110	control_lip	291	yes
2871.976	0	stimulus	n/a	n/a	b	o	n/a	n/a	control_lip	n/a	n/a
2875.9205	0	TMS	alveolar	stop	n/a	n/a	alveolar	110	control_lip	292	no
2875.9705	0	stimulus	n/a	n/a	t	i	n/a	n/a	control_lip	n/a	n/a
2879.912	0	TMS	alveolar	stop	n/a	n/a	alveolar	110	control_lip	293	no
2879.962	0	stimulus	n/a	n/a	a	b	n/a	n/a	control_lip	n/a	n/a
2883.919	0	TMS	bilabial	stop	n/a	n/a	bilabial	110	control_lip	294	no
2883.969	0	stimulus	n/a	n/a	p	o	n/a	n/a	control_lip	n/a	n/a
2887.9135	0	TMS	alveolar	stop	n/a	n/a	alveolar	110	lip	295	no
2887.9635	0	stimulus	n/a	n/a	a	d	n/a	n/a	lip	n/a	n/a
2891.926	0	TMS	alveolar	stop	n/a	n/a	alveolar	110	lip	296	no
2891.976	0	stimulus	n/a	n/a	i	p	n/a	n/a	lip	n/a	n/a
2911.924	0	TMS	alveolar	stop	n/a	n/a	alveolar	110	lip	297	no
2911.974	0	stimulus	n/a	n/a	o	t	n/a	n/a	lip	n/a	n/a
2915.9195	0	TMS	alveolar	stop	n/a	n/a	alveolar	110	lip	298	no
2915.9695	0	stimulus	n/a	n/a	t	i	n/a	n/a	lip	n/a	n/a
2919.9345	0	TMS	alveolar	stop	n/a	n/a	alveolar	110	control_lip	299	yes
2919.9845	0	stimulus	n/a	n/a	d	e	n/a	n/a	control_lip	n/a	n/a
2923.9285	0	TMS	alveolar	stop	n/a	n/a	alveolar	110	lip	300	no
2923.9785	0	stimulus	n/a	n/a	u	b	n/a	n/a	lip	n/a	n/a
2927.9245	0	TMS	alveolar	stop	n/a	n/a	alveolar	110	lip	301	no
2927.9745	0	stimulus	n/a	n/a	o	d	n/a	n/a	lip	n/a	n/a
2931.9165	0	TMS	bilabial	stop	n/a	n/a	bilabial	110	control_lip	302	yes
2931.9665	0	stimulus	n/a	n/a	b	i	n/a	n/a	control_lip	n/a	n/a
2935.9165	0	TMS	bilabial	stop	n/a	n/a	bilabial	110	lip	303	no
2935.9665	0	stimulus	n/a	n/a	p	e	n/a	n/a	lip	n/a	n/a
2939.9345	0	TMS	alveolar	stop	n/a	n/a	alveolar	110	control_lip	304	no
2939.9845	0	stimulus	n/a	n/a	o	p	n/a	n/a	control_lip	n/a	n/a
2943.9255	0	TMS	alveolar	stop	n/a	n/a	alveolar	110	lip	305	no
2943.9755	0	stimulus	n/a	n/a	i	d	n/a	n/a	lip	n/a	n/a
2947.922	0	TMS	alveolar	stop	n/a	n/a	alveolar	110	lip	306	no
2947.972	0	stimulus	n/a	n/a	o	p	n/a	n/a	lip	n/a	n/a
2951.9175	0	TMS	alveolar	stop	n/a	n/a	alveolar	110	lip	307	no
2951.9675	0	stimulus	n/a	n/a	e	p	n/a	n/a	lip	n/a	n/a
2955.9305	0	TMS	bilabial	stop	n/a	n/a	bilabial	110	lip	308	yes
2955.9805	0	stimulus	n/a	n/a	b	o	n/a	n/a	lip	n/a	n/a
2959.9265	0	TMS	alveolar	stop	n/a	n/a	alveolar	110	control_lip	309	yes
2959.9765	0	stimulus	n/a	n/a	d	e	n/a	n/a	control_lip	n/a	n/a
2963.9225	0	TMS	alveolar	stop	n/a	n/a	alveolar	110	lip	310	no
2963.9725	0	stimulus	n/a	n/a	t	o	n/a	n/a	lip	n/a	n/a
2967.919	0	TMS	alveolar	stop	n/a	n/a	alveolar	110	lip	311	no
2967.969	0	stimulus	n/a	n/a	a	p	n/a	n/a	lip	n/a	n/a
2971.936	0	TMS	alveolar	stop	n/a	n/a	alveolar	110	control_lip	312	no
2971.986	0	stimulus	n/a	n/a	t	a	n/a	n/a	control_lip	n/a	n/a
2975.9385	0	TMS	alveolar	stop	n/a	n/a	alveolar	110	control_lip	313	no
2975.9885	0	stimulus	n/a	n/a	e	d	n/a	n/a	control_lip	n/a	n/a
2979.932	0	TMS	alveolar	stop	n/a	n/a	alveolar	110	control_lip	314	no
2979.982	0	stimulus	n/a	n/a	i	b	n/a	n/a	control_lip	n/a	n/a
2983.9205	0	TMS	bilabial	stop	n/a	n/a	bilabial	110	lip	315	no
2983.9705	0	stimulus	n/a	n/a	p	o	n/a	n/a	lip	n/a	n/a
2987.939	0	TMS	bilabial	stop	n/a	n/a	bilabial	110	control_lip	316	yes
2987.989	0	stimulus	n/a	n/a	b	u	n/a	n/a	control_lip	n/a	n/a
2991.9355	0	TMS	alveolar	stop	n/a	n/a	alveolar	110	control_lip	317	no
2991.9855	0	stimulus	n/a	n/a	i	p	n/a	n/a	control_lip	n/a	n/a
2995.925	0	TMS	alveolar	stop	n/a	n/a	alveolar	110	lip	318	no
2995.975	0	stimulus	n/a	n/a	u	t	n/a	n/a	lip	n/a	n/a
2999.921	0	TMS	alveolar	stop	n/a	n/a	alveolar	110	lip	319	no
2999.971	0	stimulus	n/a	n/a	o	t	n/a	n/a	lip	n/a	n/a
3003.9175	0	TMS	bilabial	stop	n/a	n/a	bilabial	110	lip	320	no
3003.9675	0	stimulus	n/a	n/a	p	i	n/a	n/a	lip	n/a	n/a
3007.93	0	TMS	alveolar	stop	n/a	n/a	alveolar	110	lip	321	no
3007.98	0	stimulus	n/a	n/a	o	b	n/a	n/a	lip	n/a	n/a
3011.926	0	TMS	alveolar	stop	n/a	n/a	alveolar	110	lip	322	no
3011.976	0	stimulus	n/a	n/a	a	t	n/a	n/a	lip	n/a	n/a
3015.914	0	TMS	bilabial	stop	n/a	n/a	bilabial	110	control_lip	323	yes
3015.964	0	stimulus	n/a	n/a	b	a	n/a	n/a	control_lip	n/a	n/a
3019.919	0	TMS	alveolar	stop	n/a	n/a	alveolar	110	lip	324	yes
3019.969	0	stimulus	n/a	n/a	d	a	n/a	n/a	lip	n/a	n/a
3023.923	0	TMS	alveolar	stop	n/a	n/a	alveolar	110	control_lip	325	no
3023.973	0	stimulus	n/a	n/a	e	d	n/a	n/a	control_lip	n/a	n/a
3027.9275	0	TMS	alveolar	stop	n/a	n/a	alveolar	110	lip	326	no
3027.9775	0	stimulus	n/a	n/a	e	t	n/a	n/a	lip	n/a	n/a
3031.9235	0	TMS	bilabial	stop	n/a	n/a	bilabial	110	lip	327	no
3031.9735	0	stimulus	n/a	n/a	p	a	n/a	n/a	lip	n/a	n/a
3035.9195	0	TMS	alveolar	stop	n/a	n/a	alveolar	110	lip	328	no
3035.9695	0	stimulus	n/a	n/a	a	p	n/a	n/a	lip	n/a	n/a
3039.9325	0	TMS	alveolar	stop	n/a	n/a	alveolar	110	lip	329	no
3039.9825	0	stimulus	n/a	n/a	a	d	n/a	n/a	lip	n/a	n/a
3043.9315	0	TMS	alveolar	stop	n/a	n/a	alveolar	110	control_lip	330	no
3043.9815	0	stimulus	n/a	n/a	u	b	n/a	n/a	control_lip	n/a	n/a
3047.9245	0	TMS	alveolar	stop	n/a	n/a	alveolar	110	lip	331	yes
3047.9745	0	stimulus	n/a	n/a	d	u	n/a	n/a	lip	n/a	n/a
3051.9225	0	TMS	alveolar	stop	n/a	n/a	alveolar	110	control_lip	332	no
3051.9725	0	stimulus	n/a	n/a	i	p	n/a	n/a	control_lip	n/a	n/a
3055.934	0	TMS	alveolar	stop	n/a	n/a	alveolar	110	lip	333	no
3055.984	0	stimulus	n/a	n/a	o	t	n/a	n/a	lip	n/a	n/a
3059.9295	0	TMS	alveolar	stop	n/a	n/a	alveolar	110	lip	334	no
3059.9795	0	stimulus	n/a	n/a	e	d	n/a	n/a	lip	n/a	n/a
3063.9255	0	TMS	alveolar	stop	n/a	n/a	alveolar	110	lip	335	no
3063.9755	0	stimulus	n/a	n/a	t	o	n/a	n/a	lip	n/a	n/a
3067.922	0	TMS	alveolar	stop	n/a	n/a	alveolar	110	lip	336	yes
3067.972	0	stimulus	n/a	n/a	d	u	n/a	n/a	lip	n/a	n/a
3071.934	0	TMS	bilabial	stop	n/a	n/a	bilabial	110	lip	337	no
3071.984	0	stimulus	n/a	n/a	p	i	n/a	n/a	lip	n/a	n/a
3075.9305	0	TMS	alveolar	stop	n/a	n/a	alveolar	110	lip	338	no
3075.9805	0	stimulus	n/a	n/a	t	o	n/a	n/a	lip	n/a	n/a
3079.9265	0	TMS	alveolar	stop	n/a	n/a	alveolar	110	lip	339	yes
3079.9765	0	stimulus	n/a	n/a	d	u	n/a	n/a	lip	n/a	n/a
3083.9235	0	TMS	alveolar	stop	n/a	n/a	alveolar	110	lip	340	no
3083.9735	0	stimulus	n/a	n/a	i	b	n/a	n/a	lip	n/a	n/a
3087.9195	0	TMS	bilabial	stop	n/a	n/a	bilabial	110	lip	341	yes
3087.9695	0	stimulus	n/a	n/a	b	e	n/a	n/a	lip	n/a	n/a
3091.932	0	TMS	bilabial	stop	n/a	n/a	bilabial	110	lip	342	no
3091.982	0	stimulus	n/a	n/a	p	e	n/a	n/a	lip	n/a	n/a
3095.942	0	TMS	alveolar	stop	n/a	n/a	alveolar	110	control_lip	343	yes
3095.992	0	stimulus	n/a	n/a	d	o	n/a	n/a	control_lip	n/a	n/a
3099.924	0	TMS	alveolar	stop	n/a	n/a	alveolar	110	lip	344	no
3099.974	0	stimulus	n/a	n/a	e	b	n/a	n/a	lip	n/a	n/a
3103.92	0	TMS	alveolar	stop	n/a	n/a	alveolar	110	lip	345	no
3103.97	0	stimulus	n/a	n/a	t	u	n/a	n/a	lip	n/a	n/a
3107.933	0	TMS	alveolar	stop	n/a	n/a	alveolar	110	lip	346	no
3107.983	0	stimulus	n/a	n/a	i	t	n/a	n/a	lip	n/a	n/a
3111.92	0	TMS	alveolar	stop	n/a	n/a	alveolar	110	control_lip	347	no
3111.97	0	stimulus	n/a	n/a	e	p	n/a	n/a	control_lip	n/a	n/a
3115.925	0	TMS	alveolar	stop	n/a	n/a	alveolar	110	lip	348	no
3115.975	0	stimulus	n/a	n/a	o	b	n/a	n/a	lip	n/a	n/a
3119.9215	0	TMS	alveolar	stop	n/a	n/a	alveolar	110	lip	349	no
3119.9715	0	stimulus	n/a	n/a	t	e	n/a	n/a	lip	n/a	n/a
3123.934	0	TMS	alveolar	stop	n/a	n/a	alveolar	110	lip	350	no
3123.984	0	stimulus	n/a	n/a	u	d	n/a	n/a	lip	n/a	n/a
3127.9295	0	TMS	bilabial	stop	n/a	n/a	bilabial	110	lip	351	yes
3127.9795	0	stimulus	n/a	n/a	b	o	n/a	n/a	lip	n/a	n/a
3131.926	0	TMS	alveolar	stop	n/a	n/a	alveolar	110	lip	352	no
3131.976	0	stimulus	n/a	n/a	e	p	n/a	n/a	lip	n/a	n/a
3135.922	0	TMS	bilabial	stop	n/a	n/a	bilabial	110	lip	353	no
3135.972	0	stimulus	n/a	n/a	p	a	n/a	n/a	lip	n/a	n/a
3139.942	0	TMS	alveolar	stop	n/a	n/a	alveolar	110	control_lip	354	no
3139.992	0	stimulus	n/a	n/a	a	b	n/a	n/a	control_lip	n/a	n/a
3143.9335	0	TMS	alveolar	stop	n/a	n/a	alveolar	110	control_lip	355	no
3143.9835	0	stimulus	n/a	n/a	a	t	n/a	n/a	control_lip	n/a	n/a
3147.927	0	TMS	alveolar	stop	n/a	n/a	alveolar	110	lip	356	no
3147.977	0	stimulus	n/a	n/a	t	u	n/a	n/a	lip	n/a	n/a
3223.5705	0	TMS	alveolar	stop	n/a	n/a	alveolar	110	lip	357	no
3223.6205	0	stimulus	n/a	n/a	a	b	n/a	n/a	lip	n/a	n/a
3227.5665	0	TMS	alveolar	stop	n/a	n/a	alveolar	110	lip	358	no
3227.6165	0	stimulus	n/a	n/a	a	t	n/a	n/a	lip	n/a	n/a
3231.561	0	TMS	alveolar	stop	n/a	n/a	alveolar	110	control_lip	359	no
3231.611	0	stimulus	n/a	n/a	u	p	n/a	n/a	control_lip	n/a	n/a
3235.5585	0	TMS	alveolar	stop	n/a	n/a	alveolar	110	lip	360	yes
3235.6085	0	stimulus	n/a	n/a	d	o	n/a	n/a	lip	n/a	n/a
3239.5555	0	TMS	alveolar	stop	n/a	n/a	alveolar	110	lip	361	no
3239.6055	0	stimulus	n/a	n/a	e	p	n/a	n/a	lip	n/a	n/a
3243.564	0	TMS	alveolar	stop	n/a	n/a	alveolar	110	control_lip	362	no
3243.614	0	stimulus	n/a	n/a	u	t	n/a	n/a	control_lip	n/a	n/a
3247.564	0	TMS	alveolar	stop	n/a	n/a	alveolar	110	lip	363	no
3247.614	0	stimulus	n/a	n/a	t	e	n/a	n/a	lip	n/a	n/a
3251.563	0	TMS	alveolar	stop	n/a	n/a	alveolar	110	control_lip	364	no
3251.613	0	stimulus	n/a	n/a	a	p	n/a	n/a	control_lip	n/a	n/a
3255.557	0	TMS	alveolar	stop	n/a	n/a	alveolar	110	lip	365	no
3255.607	0	stimulus	n/a	n/a	t	a	n/a	n/a	lip	n/a	n/a
3259.5725	0	TMS	bilabial	stop	n/a	n/a	bilabial	110	control_lip	366	no
3259.6225	0	stimulus	n/a	n/a	p	u	n/a	n/a	control_lip	n/a	n/a
3263.5635	0	TMS	alveolar	stop	n/a	n/a	alveolar	110	control_lip	367	no
3263.6135	0	stimulus	n/a	n/a	t	u	n/a	n/a	control_lip	n/a	n/a
3267.561	0	TMS	alveolar	stop	n/a	n/a	alveolar	110	lip	368	no
3267.611	0	stimulus	n/a	n/a	i	d	n/a	n/a	lip	n/a	n/a
3271.557	0	TMS	alveolar	stop	n/a	n/a	alveolar	110	lip	369	no
3271.607	0	stimulus	n/a	n/a	e	b	n/a	n/a	lip	n/a	n/a
3275.5535	0	TMS	bilabial	stop	n/a	n/a	bilabial	110	lip	370	yes
3275.6035	0	stimulus	n/a	n/a	b	a	n/a	n/a	lip	n/a	n/a
3279.5655	0	TMS	alveolar	stop	n/a	n/a	alveolar	110	lip	371	no
3279.6155	0	stimulus	n/a	n/a	e	d	n/a	n/a	lip	n/a	n/a
3284.886	0	TMS	bilabial	stop	n/a	n/a	bilabial	110	control_lip	372	no
3284.936	0	stimulus	n/a	n/a	p	a	n/a	n/a	control_lip	n/a	n/a
3291.554	0	TMS	alveolar	stop	n/a	n/a	alveolar	110	lip	373	yes
3291.604	0	stimulus	n/a	n/a	d	o	n/a	n/a	lip	n/a	n/a
3295.567	0	TMS	bilabial	stop	n/a	n/a	bilabial	110	lip	374	yes
3295.617	0	stimulus	n/a	n/a	b	u	n/a	n/a	lip	n/a	n/a
3299.563	0	TMS	alveolar	stop	n/a	n/a	alveolar	110	lip	375	no
3299.613	0	stimulus	n/a	n/a	a	b	n/a	n/a	lip	n/a	n/a
3303.559	0	TMS	alveolar	stop	n/a	n/a	alveolar	110	lip	376	no
3303.609	0	stimulus	n/a	n/a	a	t	n/a	n/a	lip	n/a	n/a
3307.5575	0	TMS	bilabial	stop	n/a	n/a	bilabial	110	control_lip	377	no
3307.6075	0	stimulus	n/a	n/a	p	o	n/a	n/a	control_lip	n/a	n/a
3311.5915	0	TMS	alveolar	stop	n/a	n/a	alveolar	110	lip	378	no
3311.6415	0	stimulus	n/a	n/a	u	d	n/a	n/a	lip	n/a	n/a
3315.564	0	TMS	alveolar	stop	n/a	n/a	alveolar	110	lip	379	yes
3315.614	0	stimulus	n/a	n/a	d	i	n/a	n/a	lip	n/a	n/a
3319.5605	0	TMS	alveolar	stop	n/a	n/a	alveolar	110	lip	380	no
3319.6105	0	stimulus	n/a	n/a	i	b	n/a	n/a	lip	n/a	n/a
3323.556	0	TMS	alveolar	stop	n/a	n/a	alveolar	110	lip	381	no
3323.606	0	stimulus	n/a	n/a	t	a	n/a	n/a	lip	n/a	n/a
3327.569	0	TMS	bilabial	stop	n/a	n/a	bilabial	110	lip	382	yes
3327.619	0	stimulus	n/a	n/a	b	a	n/a	n/a	lip	n/a	n/a
3331.565	0	TMS	alveolar	stop	n/a	n/a	alveolar	110	control_lip	383	no
3331.615	0	stimulus	n/a	n/a	e	t	n/a	n/a	control_lip	n/a	n/a
3335.5615	0	TMS	alveolar	stop	n/a	n/a	alveolar	110	lip	384	yes
3335.6115	0	stimulus	n/a	n/a	d	o	n/a	n/a	lip	n/a	n/a
3339.558	0	TMS	alveolar	stop	n/a	n/a	alveolar	110	lip	385	no
3339.608	0	stimulus	n/a	n/a	o	d	n/a	n/a	lip	n/a	n/a
3343.5705	0	TMS	bilabial	stop	n/a	n/a	bilabial	110	lip	386	yes
3343.6205	0	stimulus	n/a	n/a	b	a	n/a	n/a	lip	n/a	n/a
3347.5695	0	TMS	alveolar	stop	n/a	n/a	alveolar	110	control_lip	387	no
3347.6195	0	stimulus	n/a	n/a	t	o	n/a	n/a	control_lip	n/a	n/a
3351.5625	0	TMS	alveolar	stop	n/a	n/a	alveolar	110	lip	388	no
3351.6125	0	stimulus	n/a	n/a	e	d	n/a	n/a	lip	n/a	n/a
3355.559	0	TMS	alveolar	stop	n/a	n/a	alveolar	110	lip	389	no
3355.609	0	stimulus	n/a	n/a	i	p	n/a	n/a	lip	n/a	n/a
3359.562	0	TMS	alveolar	stop	n/a	n/a	alveolar	110	control_lip	390	yes
3359.612	0	stimulus	n/a	n/a	d	i	n/a	n/a	control_lip	n/a	n/a
3363.5675	0	TMS	bilabial	stop	n/a	n/a	bilabial	110	lip	391	yes
3363.6175	0	stimulus	n/a	n/a	b	u	n/a	n/a	lip	n/a	n/a
3367.5635	0	TMS	bilabial	stop	n/a	n/a	bilabial	110	lip	392	no
3367.6135	0	stimulus	n/a	n/a	p	u	n/a	n/a	lip	n/a	n/a
3371.5605	0	TMS	bilabial	stop	n/a	n/a	bilabial	110	lip	393	yes
3371.6105	0	stimulus	n/a	n/a	b	u	n/a	n/a	lip	n/a	n/a
3375.5555	0	TMS	alveolar	stop	n/a	n/a	alveolar	110	lip	394	yes
3375.6055	0	stimulus	n/a	n/a	d	e	n/a	n/a	lip	n/a	n/a
3379.569	0	TMS	alveolar	stop	n/a	n/a	alveolar	110	control_lip	395	no
3379.619	0	stimulus	n/a	n/a	o	b	n/a	n/a	control_lip	n/a	n/a
3383.5655	0	TMS	alveolar	stop	n/a	n/a	alveolar	110	lip	396	no
3383.6155	0	stimulus	n/a	n/a	o	d	n/a	n/a	lip	n/a	n/a
3387.5765	0	TMS	bilabial	stop	n/a	n/a	bilabial	110	control_lip	397	no
3387.6265	0	stimulus	n/a	n/a	p	i	n/a	n/a	control_lip	n/a	n/a
3391.557	0	TMS	bilabial	stop	n/a	n/a	bilabial	110	lip	398	yes
3391.607	0	stimulus	n/a	n/a	b	o	n/a	n/a	lip	n/a	n/a
3395.559	0	TMS	alveolar	stop	n/a	n/a	alveolar	110	control_lip	399	no
3395.609	0	stimulus	n/a	n/a	o	t	n/a	n/a	control_lip	n/a	n/a
3399.566	0	TMS	alveolar	stop	n/a	n/a	alveolar	110	lip	400	no
3399.616	0	stimulus	n/a	n/a	u	b	n/a	n/a	lip	n/a	n/a
3403.562	0	TMS	alveolar	stop	n/a	n/a	alveolar	110	lip	401	no
3403.612	0	stimulus	n/a	n/a	o	t	n/a	n/a	lip	n/a	n/a
3407.5405	0	TMS	bilabial	stop	n/a	n/a	bilabial	110	control_lip	402	no
3407.5905	0	stimulus	n/a	n/a	p	e	n/a	n/a	control_lip	n/a	n/a
3411.5705	0	TMS	alveolar	stop	n/a	n/a	alveolar	110	lip	403	yes
3411.6205	0	stimulus	n/a	n/a	d	i	n/a	n/a	lip	n/a	n/a
3415.5675	0	TMS	alveolar	stop	n/a	n/a	alveolar	110	lip	404	no
3415.6175	0	stimulus	n/a	n/a	o	p	n/a	n/a	lip	n/a	n/a
3419.568	0	TMS	alveolar	stop	n/a	n/a	alveolar	110	control_lip	405	no
3419.618	0	stimulus	n/a	n/a	e	b	n/a	n/a	control_lip	n/a	n/a
3423.5595	0	TMS	alveolar	stop	n/a	n/a	alveolar	110	lip	406	no
3423.6095	0	stimulus	n/a	n/a	a	t	n/a	n/a	lip	n/a	n/a
3427.556	0	TMS	bilabial	stop	n/a	n/a	bilabial	110	control_lip	407	no
3427.606	0	stimulus	n/a	n/a	p	a	n/a	n/a	control_lip	n/a	n/a
3431.5595	0	TMS	alveolar	stop	n/a	n/a	alveolar	110	control_lip	408	no
3431.6095	0	stimulus	n/a	n/a	t	u	n/a	n/a	control_lip	n/a	n/a
3435.564	0	TMS	bilabial	stop	n/a	n/a	bilabial	110	lip	409	yes
3435.614	0	stimulus	n/a	n/a	b	i	n/a	n/a	lip	n/a	n/a
3439.5605	0	TMS	alveolar	stop	n/a	n/a	alveolar	110	lip	410	no
3439.6105	0	stimulus	n/a	n/a	o	b	n/a	n/a	lip	n/a	n/a
3443.5565	0	TMS	bilabial	stop	n/a	n/a	bilabial	110	lip	411	no
3443.6065	0	stimulus	n/a	n/a	p	i	n/a	n/a	lip	n/a	n/a
3447.57	0	TMS	alveolar	stop	n/a	n/a	alveolar	110	lip	412	no
3447.62	0	stimulus	n/a	n/a	a	t	n/a	n/a	lip	n/a	n/a
3451.5655	0	TMS	bilabial	stop	n/a	n/a	bilabial	110	lip	413	yes
3451.6155	0	stimulus	n/a	n/a	b	a	n/a	n/a	lip	n/a	n/a
3455.5615	0	TMS	bilabial	stop	n/a	n/a	bilabial	110	lip	414	no
3455.6115	0	stimulus	n/a	n/a	p	u	n/a	n/a	lip	n/a	n/a
3459.557	0	TMS	alveolar	stop	n/a	n/a	alveolar	110	lip	415	no
3459.607	0	stimulus	n/a	n/a	t	u	n/a	n/a	lip	n/a	n/a
3479.5715	0	TMS	alveolar	stop	n/a	n/a	alveolar	110	lip	416	no
3479.6215	0	stimulus	n/a	n/a	t	i	n/a	n/a	lip	n/a	n/a
3483.5685	0	TMS	alveolar	stop	n/a	n/a	alveolar	110	control_lip	417	no
3483.6185	0	stimulus	n/a	n/a	u	d	n/a	n/a	control_lip	n/a	n/a
3487.5645	0	TMS	alveolar	stop	n/a	n/a	alveolar	110	lip	418	no
3487.6145	0	stimulus	n/a	n/a	t	a	n/a	n/a	lip	n/a	n/a
3491.56	0	TMS	alveolar	stop	n/a	n/a	alveolar	110	lip	419	no
3491.61	0	stimulus	n/a	n/a	t	e	n/a	n/a	lip	n/a	n/a
3495.5565	0	TMS	bilabial	stop	n/a	n/a	bilabial	110	lip	420	no
3495.6065	0	stimulus	n/a	n/a	p	i	n/a	n/a	lip	n/a	n/a
3499.566	0	TMS	alveolar	stop	n/a	n/a	alveolar	110	control_lip	421	no
3499.616	0	stimulus	n/a	n/a	o	b	n/a	n/a	control_lip	n/a	n/a
3503.5595	0	TMS	alveolar	stop	n/a	n/a	alveolar	110	control_lip	422	yes
3503.6095	0	stimulus	n/a	n/a	d	a	n/a	n/a	control_lip	n/a	n/a
3507.5605	0	TMS	bilabial	stop	n/a	n/a	bilabial	110	lip	423	yes
3507.6105	0	stimulus	n/a	n/a	b	e	n/a	n/a	lip	n/a	n/a
3511.5575	0	TMS	alveolar	stop	n/a	n/a	alveolar	110	lip	424	no
3511.6075	0	stimulus	n/a	n/a	i	t	n/a	n/a	lip	n/a	n/a
3515.5815	0	TMS	alveolar	stop	n/a	n/a	alveolar	110	control_lip	425	no
3515.6315	0	stimulus	n/a	n/a	i	p	n/a	n/a	control_lip	n/a	n/a
3519.564	0	TMS	alveolar	stop	n/a	n/a	alveolar	110	control_lip	426	no
3519.614	0	stimulus	n/a	n/a	i	t	n/a	n/a	control_lip	n/a	n/a
3523.567	0	TMS	alveolar	stop	n/a	n/a	alveolar	110	control_lip	427	no
3523.617	0	stimulus	n/a	n/a	a	d	n/a	n/a	control_lip	n/a	n/a
3527.5625	0	TMS	alveolar	stop	n/a	n/a	alveolar	110	control_lip	428	no
3527.6125	0	stimulus	n/a	n/a	t	o	n/a	n/a	control_lip	n/a	n/a
3531.589	0	TMS	bilabial	stop	n/a	n/a	bilabial	110	lip	429	no
3531.639	0	stimulus	n/a	n/a	p	e	n/a	n/a	lip	n/a	n/a
3535.5675	0	TMS	alveolar	stop	n/a	n/a	alveolar	110	lip	430	no
3535.6175	0	stimulus	n/a	n/a	e	t	n/a	n/a	lip	n/a	n/a
3539.563	0	TMS	alveolar	stop	n/a	n/a	alveolar	110	lip	431	no
3539.613	0	stimulus	n/a	n/a	t	i	n/a	n/a	lip	n/a	n/a
3543.5595	0	TMS	alveolar	stop	n/a	n/a	alveolar	110	lip	432	no
3543.6095	0	stimulus	n/a	n/a	t	a	n/a	n/a	lip	n/a	n/a
3547.5655	0	TMS	alveolar	stop	n/a	n/a	alveolar	110	control_lip	433	no
3547.6155	0	stimulus	n/a	n/a	u	p	n/a	n/a	control_lip	n/a	n/a
3551.5675	0	TMS	alveolar	stop	n/a	n/a	alveolar	110	lip	434	no
3551.6175	0	stimulus	n/a	n/a	t	u	n/a	n/a	lip	n/a	n/a
3555.5645	0	TMS	alveolar	stop	n/a	n/a	alveolar	110	lip	435	no
3555.6145	0	stimulus	n/a	n/a	u	t	n/a	n/a	lip	n/a	n/a
3559.5605	0	TMS	alveolar	stop	n/a	n/a	alveolar	110	lip	436	yes
3559.6105	0	stimulus	n/a	n/a	d	e	n/a	n/a	lip	n/a	n/a
3563.5575	0	TMS	bilabial	stop	n/a	n/a	bilabial	110	lip	437	no
3563.6075	0	stimulus	n/a	n/a	p	o	n/a	n/a	lip	n/a	n/a
3567.569	0	TMS	alveolar	stop	n/a	n/a	alveolar	110	lip	438	no
3567.619	0	stimulus	n/a	n/a	e	p	n/a	n/a	lip	n/a	n/a
3571.5555	0	TMS	alveolar	stop	n/a	n/a	alveolar	110	control_lip	439	no
3571.6055	0	stimulus	n/a	n/a	e	d	n/a	n/a	control_lip	n/a	n/a
3575.5615	0	TMS	alveolar	stop	n/a	n/a	alveolar	110	lip	440	no
3575.6115	0	stimulus	n/a	n/a	u	t	n/a	n/a	lip	n/a	n/a
3579.555	0	TMS	alveolar	stop	n/a	n/a	alveolar	110	control_lip	441	no
3579.605	0	stimulus	n/a	n/a	i	b	n/a	n/a	control_lip	n/a	n/a
3583.5625	0	TMS	alveolar	stop	n/a	n/a	alveolar	110	control_lip	442	no
3583.6125	0	stimulus	n/a	n/a	e	p	n/a	n/a	control_lip	n/a	n/a
3587.5645	0	TMS	bilabial	stop	n/a	n/a	bilabial	110	control_lip	443	yes
3587.6145	0	stimulus	n/a	n/a	b	e	n/a	n/a	control_lip	n/a	n/a
3591.563	0	TMS	alveolar	stop	n/a	n/a	alveolar	110	lip	444	no
3591.613	0	stimulus	n/a	n/a	i	d	n/a	n/a	lip	n/a	n/a
3595.559	0	TMS	alveolar	stop	n/a	n/a	alveolar	110	lip	445	no
3595.609	0	stimulus	n/a	n/a	u	b	n/a	n/a	lip	n/a	n/a
3599.5785	0	TMS	alveolar	stop	n/a	n/a	alveolar	110	control_lip	446	yes
3599.6285	0	stimulus	n/a	n/a	d	u	n/a	n/a	control_lip	n/a	n/a
3603.568	0	TMS	bilabial	stop	n/a	n/a	bilabial	110	lip	447	no
3603.618	0	stimulus	n/a	n/a	p	o	n/a	n/a	lip	n/a	n/a
3607.5615	0	TMS	alveolar	stop	n/a	n/a	alveolar	110	control_lip	448	no
3607.6115	0	stimulus	n/a	n/a	t	i	n/a	n/a	control_lip	n/a	n/a
3611.55	0	TMS	bilabial	stop	n/a	n/a	bilabial	110	control_lip	449	yes
3611.6	0	stimulus	n/a	n/a	b	u	n/a	n/a	control_lip	n/a	n/a
3615.573	0	TMS	alveolar	stop	n/a	n/a	alveolar	110	lip	450	yes
3615.623	0	stimulus	n/a	n/a	d	e	n/a	n/a	lip	n/a	n/a
3619.569	0	TMS	bilabial	stop	n/a	n/a	bilabial	110	lip	451	no
3619.619	0	stimulus	n/a	n/a	p	e	n/a	n/a	lip	n/a	n/a
3623.5655	0	TMS	alveolar	stop	n/a	n/a	alveolar	110	lip	452	yes
3623.6155	0	stimulus	n/a	n/a	d	u	n/a	n/a	lip	n/a	n/a
3627.5615	0	TMS	alveolar	stop	n/a	n/a	alveolar	110	lip	453	no
3627.6115	0	stimulus	n/a	n/a	i	p	n/a	n/a	lip	n/a	n/a
3631.5535	0	TMS	alveolar	stop	n/a	n/a	alveolar	110	control_lip	454	no
3631.6035	0	stimulus	n/a	n/a	a	d	n/a	n/a	control_lip	n/a	n/a
3635.567	0	TMS	bilabial	stop	n/a	n/a	bilabial	110	control_lip	455	yes
3635.617	0	stimulus	n/a	n/a	b	o	n/a	n/a	control_lip	n/a	n/a
3639.5665	0	TMS	alveolar	stop	n/a	n/a	alveolar	110	lip	456	no
3639.6165	0	stimulus	n/a	n/a	o	p	n/a	n/a	lip	n/a	n/a
3643.565	0	TMS	alveolar	stop	n/a	n/a	alveolar	110	control_lip	457	no
3643.615	0	stimulus	n/a	n/a	t	e	n/a	n/a	control_lip	n/a	n/a
3647.559	0	TMS	bilabial	stop	n/a	n/a	bilabial	110	lip	458	yes
3647.609	0	stimulus	n/a	n/a	b	i	n/a	n/a	lip	n/a	n/a
3651.574	0	TMS	alveolar	stop	n/a	n/a	alveolar	110	control_lip	459	no
3651.624	0	stimulus	n/a	n/a	a	p	n/a	n/a	control_lip	n/a	n/a
3655.568	0	TMS	alveolar	stop	n/a	n/a	alveolar	110	lip	460	no
3655.618	0	stimulus	n/a	n/a	u	b	n/a	n/a	lip	n/a	n/a
3659.5635	0	TMS	alveolar	stop	n/a	n/a	alveolar	110	lip	461	no
3659.6135	0	stimulus	n/a	n/a	i	b	n/a	n/a	lip	n/a	n/a
3663.559	0	TMS	alveolar	stop	n/a	n/a	alveolar	110	lip	462	no
3663.609	0	stimulus	n/a	n/a	o	p	n/a	n/a	lip	n/a	n/a
3667.573	0	TMS	alveolar	stop	n/a	n/a	alveolar	110	lip	463	no
3667.623	0	stimulus	n/a	n/a	u	p	n/a	n/a	lip	n/a	n/a
3671.568	0	TMS	alveolar	stop	n/a	n/a	alveolar	110	lip	464	no
3671.618	0	stimulus	n/a	n/a	e	d	n/a	n/a	lip	n/a	n/a
3675.564	0	TMS	alveolar	stop	n/a	n/a	alveolar	110	lip	465	no
3675.614	0	stimulus	n/a	n/a	a	b	n/a	n/a	lip	n/a	n/a
3679.56	0	TMS	bilabial	stop	n/a	n/a	bilabial	110	lip	466	no
3679.61	0	stimulus	n/a	n/a	p	o	n/a	n/a	lip	n/a	n/a
3683.573	0	TMS	alveolar	stop	n/a	n/a	alveolar	110	lip	467	no
3683.623	0	stimulus	n/a	n/a	o	d	n/a	n/a	lip	n/a	n/a
3687.57	0	TMS	alveolar	stop	n/a	n/a	alveolar	110	control_lip	468	yes
3687.62	0	stimulus	n/a	n/a	d	i	n/a	n/a	control_lip	n/a	n/a
3691.5635	0	TMS	alveolar	stop	n/a	n/a	alveolar	110	control_lip	469	no
3691.6135	0	stimulus	n/a	n/a	t	e	n/a	n/a	control_lip	n/a	n/a
3695.562	0	TMS	alveolar	stop	n/a	n/a	alveolar	110	lip	470	no
3695.612	0	stimulus	n/a	n/a	u	p	n/a	n/a	lip	n/a	n/a
3699.5575	0	TMS	alveolar	stop	n/a	n/a	alveolar	110	lip	471	no
3699.6075	0	stimulus	n/a	n/a	t	o	n/a	n/a	lip	n/a	n/a
3703.567	0	TMS	alveolar	stop	n/a	n/a	alveolar	110	control_lip	472	no
3703.617	0	stimulus	n/a	n/a	o	b	n/a	n/a	control_lip	n/a	n/a
3707.5665	0	TMS	alveolar	stop	n/a	n/a	alveolar	110	lip	473	no
3707.6165	0	stimulus	n/a	n/a	i	t	n/a	n/a	lip	n/a	n/a
3711.564	0	TMS	alveolar	stop	n/a	n/a	alveolar	110	lip	474	no
3711.614	0	stimulus	n/a	n/a	e	t	n/a	n/a	lip	n/a	n/a
3715.561	0	TMS	alveolar	stop	n/a	n/a	alveolar	110	control_lip	475	no
3715.611	0	stimulus	n/a	n/a	u	d	n/a	n/a	control_lip	n/a	n/a
